{"store_0090": [{"vol_1": 0.0957328649678495, "vol_2": 0.03175676113360324}], "store_0147": [{"vol_1": 0.2796984520123839, "vol_2": 0.06721878542510122}], "store_0357": [{"vol_1": 0.12935651345558466, "vol_2": 0.14575093117408905}], "store_0453": [{"vol_1": 0.10307161228864016, "vol_2": 0.08886834008097166}], "store_0217": [{"vol_1": 0.16268962848297214, "vol_2": 0.08731287449392713}], "store_0131": [{"vol_1": 0.17168166230054777, "vol_2": 0.03771562753036437}], "store_0466": [{"vol_1": 0.3760189568944987, "vol_2": 0.35076599190283403}], "store_0434": [{"vol_1": 0.1957486068111455, "vol_2": 0.021778785425101217}], "store_0086": [{"vol_1": 0.26904298642533936, "vol_2": 0.2296693117408907}], "store_0163": [{"vol_1": 0.10914455822814957, "vol_2": 0.004660080971659918}], "store_0326": [{"vol_1": 0.7065409383186473, "vol_2": 0.22268502024291498}], "store_0112": [{"vol_1": 0.2605583591331269, "vol_2": 0.08379303643724698}], "store_0325": [{"vol_1": 0.42952312455346514, "vol_2": 0.0948948987854251}], "store_0162": [{"vol_1": 0.09004410573946177, "vol_2": 0.04173991902834008}], "store_0211": [{"vol_1": 0.19830478685401284, "vol_2": 0.06902348178137653}], "store_0077": [{"vol_1": 0.12516901643248393, "vol_2": 0.07232356275303643}], "store_0124": [{"vol_1": 0.11306649202190998, "vol_2": 0.01752485829959514}], "store_0047": [{"vol_1": 0.4355161943319838, "vol_2": 0.12947174089068827}], "store_0232": [{"vol_1": 0.1591254584424863, "vol_2": 0.051545910931174097}], "store_0310": [{"vol_1": 0.16268962848297214, "vol_2": 0.10717943319838058}], "store_0341": [{"vol_1": 0.25304910693022153, "vol_2": 0.1217386234817814}], "store_0002": [{"vol_1": 0.23885644201000242, "vol_2": 0.12768874493927124}], "store_0213": [{"vol_1": 0.39853303167420817, "vol_2": 0.4504965182186235}], "store_0230": [{"vol_1": 0.0960764467730412, "vol_2": 0.0352514979757085}], "store_0446": [{"vol_1": 0.06840993093593713, "vol_2": 0.08861862348178139}], "store_0141": [{"vol_1": 0.4057787568468683, "vol_2": 0.16325441295546558}], "store_0424": [{"vol_1": 0.4576023100738271, "vol_2": 0.07993554655870445}], "store_0349": [{"vol_1": 0.08260633484162896, "vol_2": 0.05788739541160594}], "store_0105": [{"vol_1": 0.1603686830197666, "vol_2": 0.15989927125506073}], "store_0104": [{"vol_1": 0.3099733746130031, "vol_2": 0.3736061538461539}], "store_0339": [{"vol_1": 0.19973516313407952, "vol_2": 0.16122850202429148}], "store_0215": [{"vol_1": 0.23326203858061442, "vol_2": 0.07413668016194332}], "store_0185": [{"vol_1": 0.3670942605382234, "vol_2": 0.22022218623481782}], "store_0327": [{"vol_1": 0.30973074541557516, "vol_2": 0.05460534412955466}], "store_0078": [{"vol_1": 0.21344396284829723, "vol_2": 0.21788923076923075}], "store_0160": [{"vol_1": 0.08925034532031437, "vol_2": 0.08951751686909583}], "store_0431": [{"vol_1": 0.3497769945225053, "vol_2": 0.07000906882591094}], "store_0005": [{"vol_1": 0.27684805906168136, "vol_2": 0.08424534412955466}], "store_0004": [{"vol_1": 0.1950485829959514, "vol_2": 0.08805085020242916}], "store_0412": [{"vol_1": 0.1599838056680162, "vol_2": 0.11628502024291497}], "store_0273": [{"vol_1": 0.1983740176232436, "vol_2": 0.12012210526315792}], "store_0397": [{"vol_1": 0.2831206954036676, "vol_2": 0.09222024291497977}], "store_0008": [{"vol_1": 0.08285415575136937, "vol_2": 0.03312151147098516}], "store_0475": [{"vol_1": 0.40264593950940697, "vol_2": 0.1465331174089069}], "store_0174": [{"vol_1": 0.494494165277447, "vol_2": 0.1652725506072875}], "store_0170": [{"vol_1": 0.2947955465587045, "vol_2": 0.3951575708502024}], "store_0356": [{"vol_1": 0.15827354131936175, "vol_2": 0.04274914979757085}], "store_0334": [{"vol_1": 0.3169157418432961, "vol_2": 0.11008032388663967}], "store_0410": [{"vol_1": 0.6398967849487973, "vol_2": 0.2020294736842105}], "store_0293": [{"vol_1": 0.9999079304596332, "vol_2": 0.482432064777328}], "store_0135": [{"vol_1": 0.5440523934270065, "vol_2": 0.21439287449392713}], "store_0031": [{"vol_1": 0.44510111931412233, "vol_2": 0.07262186234817813}], "store_0214": [{"vol_1": 0.23863667539890449, "vol_2": 0.056134736842105265}], "store_0207": [{"vol_1": 0.17308306739699927, "vol_2": 0.09716858299595141}], "store_0010": [{"vol_1": 0.4797063586568231, "vol_2": 0.1488323886639676}], "store_0388": [{"vol_1": 0.3706375327458919, "vol_2": 0.06483303643724696}], "store_0198": [{"vol_1": 0.07127468444867827, "vol_2": 0.03178072874493927}], "store_0333": [{"vol_1": 0.08285229816623006, "vol_2": 0.047407449392712554}], "store_0330": [{"vol_1": 0.4631778518694928, "vol_2": 0.2053655060728745}], "store_0229": [{"vol_1": 0.19062714932126695, "vol_2": 0.04916426450742241}], "store_0225": [{"vol_1": 0.3372207192188617, "vol_2": 0.1664599190283401}, {"vol_1": 1.45719237913789, "vol_2": 1.1278192712550605}], "store_0227": [{"vol_1": 0.39649040247678013, "vol_2": 0.07875886639676112}], "store_0477": [{"vol_1": 0.9174122886401523, "vol_2": 0.3319695546558704}], "store_0156": [{"vol_1": 0.39438475827577996, "vol_2": 0.07587109311740892}], "store_0130": [{"vol_1": 0.478195677542272, "vol_2": 0.130114008097166}], "store_0249": [{"vol_1": 0.8779344605858538, "vol_2": 0.2561528744939271}], "store_0190": [{"vol_1": 0.8117678494879732, "vol_2": 0.2404042105263158}], "store_0244": [{"vol_1": 0.5807192664920219, "vol_2": 0.13984712550607287}], "store_0332": [{"vol_1": 0.21359128363896168, "vol_2": 0.06555724696356277}], "store_0201": [{"vol_1": 0.1914640152417242, "vol_2": 0.1614306072874494}], "store_0011": [{"vol_1": 0.23737594665396525, "vol_2": 0.150879028340081}], "store_0226": [{"vol_1": 0.10693978328173376, "vol_2": 0.032457813765182184}], "store_0228": [{"vol_1": 0.1329058942605382, "vol_2": 0.03403935222672065}], "store_0392": [{"vol_1": 0.5856914503453203, "vol_2": 0.1254276923076923}], "store_0370": [{"vol_1": 0.7829481305072635, "vol_2": 0.842232874493927}], "store_0258": [{"vol_1": 0.7633841867111216, "vol_2": 0.7699556275303643}], "store_0468": [{"vol_1": 0.08905148844963087, "vol_2": 0.16706105263157894}], "store_0272": [{"vol_1": 0.39756765896642055, "vol_2": 0.5552336842105263}], "store_0288": [{"vol_1": 1.5883373184091452, "vol_2": 0.631577004048583}], "store_0182": [{"vol_1": 0.05933379376041914, "vol_2": 0.09538655870445344}], "store_0126": [{"vol_1": 2.1504881638485354, "vol_2": 1.7414283400809716}], "store_0411": [{"vol_1": 0.7574964991664683, "vol_2": 0.33012534412955463}], "store_0158": [{"vol_1": 2.1212787806620623, "vol_2": 0.8637221052631578}], "store_0179": [{"vol_1": 0.587428435341748, "vol_2": 0.22212631578947373}], "store_0155": [{"vol_1": 0.12740247678018576, "vol_2": 0.030704453441295545}], "store_0305": [{"vol_1": 2.6458546796856393, "vol_2": 1.0773415384615386}], "store_0296": [{"vol_1": 0.18644478447249344, "vol_2": 0.12437392712550609}], "store_0377": [{"vol_1": 0.3385427482733985, "vol_2": 0.1394085829959514}], "store_0127": [{"vol_1": 3.459335508454394, "vol_2": 3.7325752226720645}], "store_0278": [{"vol_1": 0.1353903072160038, "vol_2": 0.09132469635627531}], "store_0342": [{"vol_1": 0.7913747797094547, "vol_2": 0.3402344939271255}], "store_0115": [{"vol_1": 3.2046678733031673, "vol_2": 1.1030419433198382}]}